alg_name,metric_rank_mean,metric_rank_mean,metric_rank_mean,metric_rank_mean
,min,max,mean,count
XGBoost,1.0,7.0,2.3714285714285714,105
CatBoost,1.0,7.0,3.0,97
LightGBM,1.0,10.0,3.163265306122449,98
SVM,1.0,10.0,4.444444444444445,81
TabNet,1.0,11.0,5.650485436893204,103
RandomForest,1.0,10.0,5.79047619047619,105
LinearModel,1.0,11.0,6.66,100
MLP,1.0,11.0,7.028301886792453,106
VIME,1.0,11.0,7.979381443298969,97
DecisionTree,2.0,11.0,8.149532710280374,107
KNN,2.0,11.0,8.459183673469388,98
